{
  "mixins": {
    "thorax": {
      "scripts": [
        {"src": "lib/jquery.js", "global": true},
        {"src": "lib/underscore.js", "global": true},
        {"src": "lib/backbone.js", "global": true},
        {"src": "lib/handlebars.js", "global": true},
        {"src": "dist/thorax.js", "global": true}
      ]
    },

    "thorax-mobile": {
      "scripts": [
        {"src": "lib/zepto.js", "global": true},
        {"src": "lib/underscore.js", "global": true},
        {"src": "lib/backbone.js", "global": true},
        {"src": "lib/handlebars.runtime.js", "global": true},
        {"src": "dist/thorax-mobile.js", "global": true}
      ]
    }
  },

  "templates": {
    "template": "Thorax.templates['{{{without-extension name}}}'] = {{handlebarsCall}}({{{data}}});"
  }
}
