{
  "application": {
    "name": "Application",
    "module": "base"
  },
  "mixins": [
    "components/lumbar-loader",
    "components/thorax"
  ],
  "modules": {
    "base": {
      "mixins": [
        "thorax",
        "lumbar-loader"
      ],
      "scripts": [
        {
          "src": "components/lumbar-loader/lumbar-loader-backbone.js"
        },
        {
          "src": "js/init.js"
        },
        {
          "src": "js/view-controller.js"
        },
        {
          "src": "js/model.js"
        },
        {
          "src": "js/collection.js"
        },
        {
          "src": "js/view.js"
        },
        {
          "module-map": true
        },
        {
          "src": "js/lib/bootstrap.js"
        }
      ],
      "styles": [
        {
          "src": "styles/base.styl"
        },
        {
          "src": "styles/bootstrap.css"
        }
      ],
      "static": [
        {
          "src": "static/index.html",
          "dest": "index.html"
        },
        {
          "src": "static/img",
          "dest": "img"
        }
      ]
    },
    "hello-world": {
      "routes": {
        "": "index"
      },
      "scripts": [
        {
          "src": "js/view-controllers/hello-world.js"
        },
        {
          "src": "js/views/hello-world/index.js"
        }
      ],
      "styles": [
        {
          "src": "styles/hello-world.styl"
        }
      ]
    }
  },
  "templates": {
    "auto-include": {
      "js/views/(.*)\\.(js|coffee)": [
        "templates/$1.handlebars",
        "templates/$1-item.handlebars",
        "templates/$1-empty.handlebars"
      ]
    },
    "js/init.js": [
      "templates/application.handlebars"
    ]
  },
  "styles": {
    "pixelDensity": {
      "web": [
        1,
        2
      ]
    },
    "includes": [
      "nib"
    ]
  }
}
